City_ID,City,Country,Date,Lat,Lng,Max Temp,Humidity,Cloudiness,Wind Speed
0,Saint George,US,2022-01-30 07:35:11,37.1041,-113.5841,47.35,29,0,1.99
1,Avarua,CK,2022-01-30 07:40:03,-21.2078,-159.775,78.85,83,100,5.75
2,Yellowknife,CA,2022-01-30 07:40:03,62.456,-114.3525,-18.58,93,20,6.91
3,Klaksvik,FO,2022-01-30 07:40:04,62.2266,-6.589,32.92,81,100,17.76
4,Bairiki,KI,2022-01-30 07:40:06,1.3292,172.9752,82.4,83,75,8.05
5,Upernavik,GL,2022-01-30 07:36:22,72.7868,-56.1549,-2.7,96,100,3.65
6,Severo-Kurilsk,RU,2022-01-30 07:37:48,50.6789,156.125,25.63,92,100,15.99
7,Bluff,NZ,2022-01-30 07:33:24,-46.6,168.3333,61.81,92,100,8.39
8,Sitka,US,2022-01-30 07:33:10,57.0531,-135.33,35.49,75,75,10.36
9,Mahebourg,MU,2022-01-30 07:34:48,-20.4081,57.7,86.25,70,40,12.66
10,Padang,ID,2022-01-30 07:40:07,-0.9492,100.3543,87.85,75,100,6.8
11,Bengkulu,ID,2022-01-30 07:37:32,-3.8004,102.2655,81.25,83,100,8.34
12,Vila Velha,BR,2022-01-30 07:40:08,-20.3297,-40.2925,75.94,93,0,0.0
13,Barrow,US,2022-01-30 07:32:40,71.2906,-156.7887,-3.98,77,100,11.5
14,Chenzhou,CN,2022-01-30 07:40:08,25.8,113.0333,40.62,78,99,6.62
15,Kodiak,US,2022-01-30 07:33:17,57.79,-152.4072,27.91,69,0,18.41
16,Manokwari,ID,2022-01-30 07:34:17,-0.8667,134.0833,79.9,80,100,5.57
17,Ede,NL,2022-01-30 07:40:10,52.0333,5.6583,42.78,83,75,9.22
18,Victoria,HK,2022-01-30 07:31:18,22.2855,114.1577,67.24,57,64,1.01
19,Busselton,AU,2022-01-30 07:33:12,-33.65,115.3333,89.1,42,0,20.51
20,Hatillo,PR,2022-01-30 07:40:11,18.4863,-66.8254,73.85,87,0,5.5
21,Hirara,JP,2022-01-30 07:31:42,24.8,125.2833,62.87,88,75,18.41
22,Chokurdakh,RU,2022-01-30 07:36:45,70.6333,147.9167,-25.73,93,66,1.95
23,Port Alfred,ZA,2022-01-30 07:34:37,-33.5906,26.891,78.91,62,0,11.27
24,Hasaki,JP,2022-01-30 07:39:03,35.7333,140.8333,45.28,41,100,7.49
25,Kamenka,RU,2022-01-30 07:40:12,51.3223,42.7678,27.03,95,98,8.9
26,Jamestown,US,2022-01-30 07:32:43,42.097,-79.2353,9.72,64,100,8.05
27,Cape Town,ZA,2022-01-30 07:36:03,-33.9258,18.4232,80.11,57,0,3.0
28,Coria,ES,2022-01-30 07:40:13,39.9879,-6.5377,39.45,50,0,4.09
29,Buala,SB,2022-01-30 07:40:14,-8.145,159.5921,81.18,83,100,6.26
30,Betanzos,ES,2022-01-30 07:40:15,43.2804,-8.2147,45.9,76,0,1.99
31,Vardo,NO,2022-01-30 07:36:35,70.3705,31.1107,25.57,78,92,5.97
32,Hermanus,ZA,2022-01-30 07:33:26,-34.4187,19.2345,77.9,60,41,15.88
33,Svencionys,LT,2022-01-30 07:40:17,55.15,26.1667,32.16,97,100,13.8
34,Atuona,PF,2022-01-30 07:36:30,-9.8,-139.0333,77.86,75,10,14.85
35,Uarini,BR,2022-01-30 07:40:18,-2.99,-65.1083,71.15,99,91,2.71
36,Abu Kamal,SY,2022-01-30 07:40:20,34.4506,40.9171,50.0,58,99,6.93
37,Esperance,AU,2022-01-30 07:35:39,-33.8667,121.9,93.04,50,18,25.32
38,Bubaque,GW,2022-01-30 07:37:49,11.2833,-15.8333,77.63,49,63,16.08
39,Saskylakh,RU,2022-01-30 07:33:06,71.9167,114.0833,-19.26,100,100,2.84
40,Ribeira Grande,PT,2022-01-30 07:36:36,38.5167,-28.7,57.6,72,40,8.05
41,Port Hardy,CA,2022-01-30 07:34:22,50.6996,-127.4199,47.75,93,100,18.41
42,Hamina,FI,2022-01-30 07:40:22,60.5697,27.1979,25.99,96,100,16.53
43,Albany,US,2022-01-30 07:30:06,42.6001,-73.9662,5.41,53,37,15.99
44,Tayga,RU,2022-01-30 07:40:22,56.06,85.6197,18.1,82,31,4.0
45,Ancud,CL,2022-01-30 07:36:54,-41.8697,-73.8203,50.43,78,64,8.84
46,Urumqi,CN,2022-01-30 07:40:25,43.801,87.6005,5.95,72,100,2.24
47,Pisco,PE,2022-01-30 07:38:32,-13.7,-76.2167,68.05,83,20,5.75
48,Ponta Do Sol,PT,2022-01-30 07:35:15,32.6667,-17.1,63.23,39,5,7.0
49,Castro,BR,2022-01-30 07:36:23,-24.7911,-50.0119,61.34,99,100,4.76
50,Bambous Virieux,MU,2022-01-30 07:35:50,-20.3428,57.7575,86.22,70,40,12.66
51,Trat,TH,2022-01-30 07:40:29,12.5,102.5,88.0,45,53,14.14
52,Rikitea,PF,2022-01-30 07:32:45,-23.1203,-134.9692,76.73,63,100,6.89
53,Sur,OM,2022-01-30 07:39:20,22.5667,59.5289,79.95,37,0,3.49
54,Vanimo,PG,2022-01-30 07:33:40,-2.6741,141.3028,80.74,77,92,9.1
55,Vaini,TO,2022-01-30 07:33:47,-21.2,-175.2,81.16,78,100,13.85
56,Kapaa,US,2022-01-30 07:28:06,22.0752,-159.319,68.32,59,0,4.61
57,Harper,LR,2022-01-30 07:37:10,4.375,-7.7169,77.77,87,37,4.61
58,College,US,2022-01-30 07:34:21,64.8569,-147.8028,-23.35,68,0,3.44
59,Dikson,RU,2022-01-30 07:33:19,73.5069,80.5464,6.8,94,100,15.86
60,Villamontes,BO,2022-01-30 07:40:32,-21.25,-63.5,70.12,60,75,4.56
61,Ushuaia,AR,2022-01-30 07:29:05,-54.8,-68.3,44.26,81,75,13.8
62,Hithadhoo,MV,2022-01-30 07:34:57,-0.6,73.0833,81.66,66,100,4.0
63,Inhambane,MZ,2022-01-30 07:36:56,-23.865,35.3833,84.18,61,40,8.34
64,Manado,ID,2022-01-30 07:40:34,1.487,124.8455,86.77,70,40,10.36
65,Krasnyy Yar,RU,2022-01-30 07:40:34,46.5331,48.3456,36.97,83,100,11.77
66,Teguldet,RU,2022-01-30 07:40:35,57.3064,88.1667,14.79,88,100,2.42
67,Hobart,AU,2022-01-30 07:30:03,-42.8794,147.3294,77.22,55,20,1.99
68,Constitucion,CL,2022-01-30 07:40:35,-35.3333,-72.4167,56.48,92,6,5.61
69,Carnarvon,AU,2022-01-30 07:34:40,-24.8667,113.6333,87.87,58,2,17.27
70,Ewa Beach,US,2022-01-30 07:39:52,21.3156,-158.0072,74.08,69,0,8.99
71,Mitsamiouli,KM,2022-01-30 07:40:37,-11.3847,43.2844,86.29,66,20,5.75
72,Maraba,BR,2022-01-30 07:40:38,-5.3686,-49.1178,73.58,100,20,0.0
73,Nishihara,JP,2022-01-30 07:40:39,26.1842,127.7558,61.88,94,100,14.97
74,Puerto Ayora,EC,2022-01-30 07:33:37,-0.7393,-90.3518,72.9,84,100,5.68
75,Curvelo,BR,2022-01-30 07:40:40,-18.7564,-44.4308,66.94,91,90,4.32
76,Tasiilaq,GL,2022-01-30 07:36:05,65.6145,-37.6368,12.36,55,1,11.68
77,San Patricio,US,2022-01-30 07:37:33,28.017,-97.5169,53.46,66,0,7.0
78,Okhotsk,RU,2022-01-30 07:35:17,59.3833,143.3,15.42,81,100,11.52
79,Saurimo,AO,2022-01-30 07:33:39,-9.6608,20.3916,70.59,88,100,8.39
80,Tiksi,RU,2022-01-30 07:33:44,71.6872,128.8694,-12.28,99,44,1.52
81,Tuban,ID,2022-01-30 07:37:58,-6.8976,112.0649,84.29,74,89,11.14
82,Hilo,US,2022-01-30 07:33:47,19.7297,-155.09,68.79,79,0,6.91
83,Henties Bay,NA,2022-01-30 07:38:02,-22.116,14.2845,64.85,77,94,6.24
84,Mataura,NZ,2022-01-30 07:33:09,-46.1927,168.8643,61.48,93,100,2.77
85,Rawson,AR,2022-01-30 07:35:49,-43.3002,-65.1023,67.53,43,100,26.69
86,Isangel,VU,2022-01-30 07:34:47,-19.55,169.2667,78.94,90,100,11.99
87,Coulommiers,FR,2022-01-30 07:40:43,48.8145,3.085,45.75,87,7,5.19
88,Mountain Home,US,2022-01-30 07:38:07,43.133,-115.6912,17.78,92,0,5.75
89,Bardiyah,LY,2022-01-30 07:40:45,31.7561,25.0865,51.64,69,71,34.31
90,Nikolskoye,RU,2022-01-30 07:33:14,59.7035,30.7861,28.87,94,100,13.15
91,Saint-Philippe,RE,2022-01-30 07:34:42,-21.3585,55.7679,87.35,73,18,12.44
92,Qaanaaq,GL,2022-01-30 07:32:54,77.484,-69.3632,-10.28,91,95,5.93
93,Punta Arenas,CL,2022-01-30 07:30:30,-53.15,-70.9167,41.11,70,0,5.75
94,Souillac,MU,2022-01-30 07:34:27,-20.5167,57.5167,86.36,70,40,12.66
95,Isabela,PH,2022-01-30 07:40:48,6.7085,121.9711,87.85,71,91,9.44
96,Balykshi,KZ,2022-01-30 07:40:49,47.0667,51.8667,32.0,86,40,13.42
97,Basse-Pointe,MQ,2022-01-30 07:40:49,14.8695,-61.115,71.85,46,2,9.42
98,Bodden Town,KY,2022-01-30 07:40:50,19.2833,-81.25,72.0,64,100,10.0
99,Dzaoudzi,YT,2022-01-30 07:39:28,-12.7887,45.2699,87.69,66,0,6.91
100,New Norfolk,AU,2022-01-30 07:33:20,-42.7826,147.0587,76.87,38,14,1.99
101,High Prairie,CA,2022-01-30 07:40:50,55.4334,-116.4858,26.65,85,44,6.85
102,Barra Patuca,HN,2022-01-30 07:40:51,15.8,-84.2833,74.07,81,55,16.8
103,Keelung,TW,2022-01-30 07:40:51,25.1283,121.7419,57.09,88,100,20.22
104,San Policarpo,PH,2022-01-30 07:40:52,12.1791,125.5072,82.58,75,19,5.75
105,Cherskiy,RU,2022-01-30 07:39:19,68.75,161.3,-27.13,100,58,2.59
106,Mar Del Plata,AR,2022-01-30 07:35:29,-38.0023,-57.5575,69.87,88,0,21.0
107,Svetlyy,RU,2022-01-30 07:40:54,54.675,20.1347,39.25,83,100,28.81
108,Codrington,AU,2022-01-30 07:40:55,-38.2667,141.9667,70.52,78,10,12.06
109,Montlucon,FR,2022-01-30 07:40:56,46.3333,2.6,41.68,99,100,1.36
110,Kungalv,SE,2022-01-30 07:40:57,57.871,11.9805,45.46,58,94,5.01
111,Flinders,AU,2022-01-30 07:37:30,-34.5833,150.8552,81.21,79,82,4.45
112,Half Moon Bay,US,2022-01-30 07:31:12,37.4636,-122.4286,54.27,60,0,0.0
113,Kahului,US,2022-01-30 07:31:20,20.8947,-156.47,73.85,72,0,5.75
114,Alofi,NU,2022-01-30 07:35:00,-19.0595,-169.9187,78.69,89,100,9.22
115,Huntsville,US,2022-01-30 07:37:30,34.7304,-86.5861,32.2,56,0,21.99
116,Yafran,LY,2022-01-30 07:41:00,32.0633,12.5286,42.76,79,100,11.16
117,Najran,SA,2022-01-30 07:41:02,17.4924,44.1277,65.05,34,35,4.21
118,Xiongyue,CN,2022-01-30 07:41:04,40.1774,122.1228,26.98,47,0,1.86
119,Sao Filipe,CV,2022-01-30 07:39:15,14.8961,-24.4956,70.3,73,100,12.68
120,Saldanha,ZA,2022-01-30 07:33:12,-33.0117,17.9442,73.45,62,0,10.33
121,Unhel,IN,2022-01-30 07:41:07,23.3333,75.5667,77.5,18,0,5.99
122,Birao,CF,2022-01-30 07:41:08,10.2849,22.7882,74.75,11,8,11.43
123,Peniche,PT,2022-01-30 07:37:59,39.3558,-9.3811,52.93,44,100,9.06
124,Kajiado,KE,2022-01-30 07:41:09,-1.8524,36.7768,67.48,41,44,11.74
125,Butaritari,KI,2022-01-30 07:33:20,3.0707,172.7902,82.44,79,99,18.14
126,Kenai,US,2022-01-30 07:36:34,60.5544,-151.2583,17.69,94,75,0.0
127,Khatanga,RU,2022-01-30 07:34:53,71.9667,102.5,-18.49,94,99,7.63
128,Bonfim,BR,2022-01-30 07:41:13,3.0833,-59.95,76.37,65,99,10.49
129,Salalah,OM,2022-01-30 07:41:14,17.0151,54.0924,78.89,50,20,6.91
130,Shelburne,CA,2022-01-30 07:36:15,44.0787,-80.2041,10.85,83,100,6.82
131,Rio Gallegos,AR,2022-01-30 07:41:16,-51.6226,-69.2181,41.05,87,0,18.41
132,The Valley,AI,2022-01-30 07:34:50,18.217,-63.0578,76.1,75,7,12.62
133,Tuktoyaktuk,CA,2022-01-30 07:36:20,69.4541,-133.0374,-6.36,96,100,16.62
134,Nhulunbuy,AU,2022-01-30 07:41:17,-12.2333,136.7667,77.61,94,75,10.36
135,Yumen,CN,2022-01-30 07:39:00,40.2833,97.2,23.45,32,0,7.2
136,Itaituba,BR,2022-01-30 07:41:17,-4.2761,-55.9836,71.04,100,100,0.83
137,Chuy,UY,2022-01-30 07:36:32,-33.6971,-53.4616,65.52,79,49,3.71
138,Akyab,MM,2022-01-30 07:41:18,20.15,92.9,73.04,46,2,15.64
139,Pemba,MZ,2022-01-30 07:41:20,-12.974,40.5178,79.74,76,50,2.8
140,Verkhnevilyuysk,RU,2022-01-30 07:41:20,63.4453,120.3167,-17.19,99,83,4.05
141,Pueblo Bello,CO,2022-01-30 07:41:22,8.2041,-76.526,70.05,95,98,1.88
142,Caravelas,BR,2022-01-30 07:41:24,-17.7125,-39.2481,74.88,87,19,7.31
143,Sao Joao Da Barra,BR,2022-01-30 07:38:12,-21.6403,-41.0511,74.89,90,85,4.65
144,Luba,GQ,2022-01-30 07:41:26,3.4568,8.5547,73.29,65,100,1.39
145,Bredasdorp,ZA,2022-01-30 07:34:14,-34.5322,20.0403,76.28,64,53,14.97
146,Dubai,AE,2022-01-30 07:41:29,25.2582,55.3047,73.65,60,0,5.75
147,Bagdarin,RU,2022-01-30 07:41:29,54.4333,113.6,1.63,89,4,1.05
148,Paray-Le-Monial,FR,2022-01-30 07:41:31,46.4546,4.1158,41.52,98,100,1.14
149,Ixtapa,MX,2022-01-30 07:41:31,20.7,-105.2,68.23,89,0,3.51
150,Coahuayana,MX,2022-01-30 07:41:31,18.7333,-103.6833,67.62,82,0,4.45
151,Thompson,CA,2022-01-30 07:31:06,55.7435,-97.8558,-5.64,84,100,4.61
152,Vao,NC,2022-01-30 07:34:31,-22.6667,167.4833,80.04,86,33,16.31
153,Tucurui,BR,2022-01-30 07:41:34,-3.7661,-49.6725,69.94,98,100,2.62
154,Pevek,RU,2022-01-30 07:35:56,69.7008,170.3133,-12.23,96,100,2.62
155,Belmonte,BR,2022-01-30 07:41:35,-15.8631,-38.8828,75.7,89,100,6.29
156,Parichhatgarh,IN,2022-01-30 07:41:36,28.9833,77.9333,69.98,32,0,14.74
157,Bolshaya Glushitsa,RU,2022-01-30 07:41:36,50.2406,43.5908,33.73,95,92,12.44
158,Komsomolskiy,UZ,2022-01-30 07:38:45,40.4272,71.7189,42.22,70,67,4.61
159,Obo,CF,2022-01-30 07:41:39,5.3998,26.4869,82.45,12,100,8.7
160,Shimoda,JP,2022-01-30 07:41:39,34.6667,138.95,46.76,62,100,5.41
161,Phuket,TH,2022-01-30 07:41:40,8.0,98.25,89.82,58,20,11.5
162,Saint-Honore,CA,2022-01-30 07:41:40,48.5334,-71.0824,-1.95,78,100,14.97
163,East London,ZA,2022-01-30 07:33:59,-33.0153,27.9116,79.29,61,0,11.77
164,Yerbogachen,RU,2022-01-30 07:41:41,61.2767,108.0108,1.71,95,100,4.27
165,Parati,BR,2022-01-30 07:41:41,-23.2178,-44.7131,73.36,95,100,3.0
166,Bras-Panon,RE,2022-01-30 07:41:42,-20.9967,55.6782,87.42,84,31,13.58
167,Norman Wells,CA,2022-01-30 07:41:43,65.282,-126.8329,-25.56,68,40,3.44
168,Lompoc,US,2022-01-30 07:39:36,34.6391,-120.4579,55.22,87,0,6.91
169,Chauk,MM,2022-01-30 07:41:43,20.8833,94.8167,81.66,20,0,8.68
170,Muzhi,RU,2022-01-30 07:41:44,65.3667,64.6667,-3.57,96,99,2.93
171,Vannes,FR,2022-01-30 07:41:46,47.8333,-2.5,46.31,96,66,5.79
172,Talnakh,RU,2022-01-30 07:41:47,69.4865,88.3972,1.2,97,100,7.81
173,Shingu,JP,2022-01-30 07:35:37,33.7333,135.9833,47.39,59,100,0.72
174,Palmer,US,2022-01-30 07:41:48,42.1584,-72.3287,9.84,56,0,1.99
175,Tabuk,PH,2022-01-30 07:41:48,17.4189,121.4443,71.58,93,96,11.1
176,Nanortalik,GL,2022-01-30 07:35:09,60.1432,-45.2371,10.9,84,100,8.28
177,Ziarat,PK,2022-01-30 07:41:49,30.3823,67.7282,46.78,32,0,6.15
178,Bantou,CN,2022-01-30 07:41:52,26.2151,117.4893,49.05,65,90,5.84
179,Hays,US,2022-01-30 07:39:36,30.0502,-98.0336,48.6,57,8,1.99
180,Kaitangata,NZ,2022-01-30 07:30:14,-46.2817,169.8464,57.6,94,100,1.39
181,Lavrentiya,RU,2022-01-30 07:41:53,65.5833,-171.0,-3.6,88,8,3.96
182,Itanhem,BR,2022-01-30 07:41:56,-17.1664,-40.33,71.78,87,91,3.87
183,Nelson Bay,AU,2022-01-30 07:41:57,-32.7167,152.15,80.65,70,62,1.99
184,Katsuura,JP,2022-01-30 07:38:57,35.1333,140.3,47.19,55,100,6.64
185,Esna,EG,2022-01-30 07:41:57,25.2934,32.554,53.62,35,42,12.97
186,Georgetown,MY,2022-01-30 07:34:16,5.4112,100.3354,91.33,66,20,11.99
187,Fare,PF,2022-01-30 07:41:59,-16.7,-151.0167,80.6,73,100,9.86
188,Dunedin,NZ,2022-01-30 07:38:25,-45.8742,170.5036,62.8,74,100,4.0
189,Kenora,CA,2022-01-30 07:39:36,49.8167,-94.4337,10.38,85,40,3.44
190,Pereyaslovskaya,RU,2022-01-30 07:42:00,45.8412,39.0238,33.4,89,13,10.11
191,Beringovskiy,RU,2022-01-30 07:37:29,63.05,179.3167,-13.11,100,86,2.68
192,Maceio,BR,2022-01-30 07:42:01,-9.6658,-35.7353,76.44,88,40,4.61
193,Roebourne,AU,2022-01-30 07:37:45,-20.7833,117.1333,88.9,56,82,27.78
194,Picton,AU,2022-01-30 07:42:02,-34.1833,150.6,82.71,67,23,6.87
195,Lata,PT,2022-01-30 07:42:03,40.1629,-8.3327,45.05,48,38,5.32
196,Arraial Do Cabo,BR,2022-01-30 07:37:41,-22.9661,-42.0278,74.86,95,82,4.56
197,Kupang,ID,2022-01-30 07:42:03,-10.1667,123.5833,82.98,78,40,13.8
198,Itatiaia,BR,2022-01-30 07:42:05,-22.4961,-44.5633,69.33,94,100,1.74
199,Minsk,BY,2022-01-30 07:38:03,53.9,27.5667,33.55,94,100,17.69
200,Sibolga,ID,2022-01-30 07:42:06,1.7427,98.7792,82.62,79,98,4.9
201,Airai,TL,2022-01-30 07:37:39,-8.9266,125.4092,67.3,76,100,5.28
202,Salinas,US,2022-01-30 07:42:07,36.6777,-121.6555,51.82,71,0,0.0
203,Ouegoa,NC,2022-01-30 07:42:09,-20.35,164.4333,81.77,77,100,7.2
204,Kalmunai,LK,2022-01-30 07:42:12,7.4167,81.8167,83.53,66,29,8.63
205,Gazli,UZ,2022-01-30 07:42:15,40.1333,63.45,43.3,49,87,12.62
206,Moranbah,AU,2022-01-30 07:42:15,-22.0016,148.0466,86.67,46,82,12.77
207,Torbay,CA,2022-01-30 07:35:30,47.6666,-52.7314,53.28,97,100,29.93
208,Longyearbyen,SJ,2022-01-30 07:35:53,78.2186,15.6401,8.44,61,20,13.8
209,Zatoka,UA,2022-01-30 07:42:16,46.0725,30.4654,30.74,82,100,23.04
210,Tepic,MX,2022-01-30 07:42:18,21.5,-104.9,58.1,51,3,2.82
211,Gat,IL,2022-01-30 07:42:19,31.61,34.7642,59.92,37,0,3.53
212,Barwala,IN,2022-01-30 07:42:20,29.3833,75.9167,70.68,32,3,11.32
213,Bethel,US,2022-01-30 07:30:34,41.3712,-73.414,12.56,49,0,1.99
214,Touros,BR,2022-01-30 07:37:22,-5.1989,-35.4608,76.1,83,98,9.17
215,Balkanabat,TM,2022-01-30 07:42:21,39.5108,54.3671,48.79,46,0,7.63
216,Srednekolymsk,RU,2022-01-30 07:37:56,67.45,153.6833,-28.71,100,80,1.86
217,Salta,AR,2022-01-30 07:40:28,-24.7859,-65.4117,65.57,89,75,4.61
218,Galbshtadt,RU,2022-01-30 07:42:23,53.2264,78.9845,17.69,94,42,12.21
219,Opuwo,NA,2022-01-30 07:38:04,-18.0607,13.84,74.44,28,91,7.72
220,Mandalgovi,MN,2022-01-30 07:42:25,45.7625,106.2708,5.94,60,12,20.56
221,Oksfjord,NO,2022-01-30 07:42:26,70.2396,22.3479,29.32,82,100,5.23
222,Tinskoy,RU,2022-01-30 07:42:26,56.1525,96.9161,12.69,84,100,1.57
223,Kismayo,SO,2022-01-30 07:36:30,-0.3582,42.5454,83.16,62,37,17.65
224,Toora-Khem,RU,2022-01-30 07:42:27,52.4675,96.11,-0.06,86,34,1.7
225,Yulara,AU,2022-01-30 07:37:48,-25.2406,130.9889,91.24,43,100,20.71
226,Ostrovnoy,RU,2022-01-30 07:37:55,68.0531,39.5131,19.96,93,100,10.96
227,Iqaluit,CA,2022-01-30 07:37:00,63.7506,-68.5145,-15.07,64,100,4.61
228,Grindavik,IS,2022-01-30 07:42:28,63.8424,-22.4338,36.07,87,75,21.85
229,Nardaran,AZ,2022-01-30 07:42:29,40.5561,50.0056,44.24,70,0,6.91
230,Oktyabrskoye,RU,2022-01-30 07:37:56,43.0645,44.7417,30.34,69,75,2.24
231,Margate,GB,2022-01-30 07:38:58,51.3813,1.3862,38.3,82,5,1.01
232,Beira,MZ,2022-01-30 07:42:30,-19.8436,34.8389,86.09,62,40,8.05
233,Mount Gambier,AU,2022-01-30 07:36:01,-37.8333,140.7667,78.71,57,9,13.8
234,Mackay,AU,2022-01-30 07:42:32,-21.15,149.2,84.18,70,100,13.8
235,Karratha,AU,2022-01-30 07:36:26,-20.7377,116.8463,86.5,62,96,28.66
236,Lisakovsk,KZ,2022-01-30 07:42:33,52.5369,62.4936,12.56,85,100,6.93
237,Bulungu,CD,2022-01-30 07:42:33,-4.55,18.6,82.83,59,99,2.42
238,Zheleznodorozhnyy,RU,2022-01-30 07:42:34,55.7503,38.0042,25.02,93,100,8.97
239,Laguna,US,2022-01-30 07:38:43,38.421,-121.4238,52.41,85,0,1.01
240,Chifeng,CN,2022-01-30 07:42:35,42.2683,118.9636,26.01,21,3,5.26
241,Samarai,PG,2022-01-30 07:42:36,-10.6167,150.6667,83.7,71,100,8.63
242,Sibiti,CG,2022-01-30 07:42:38,-3.6819,13.3499,75.04,85,100,3.38
243,Tychy,PL,2022-01-30 07:42:39,50.1372,18.9664,40.69,69,100,24.02
244,Batagay-Alyta,RU,2022-01-30 07:33:18,67.8006,130.4114,-21.59,97,65,3.38
245,Ishigaki,JP,2022-01-30 07:42:40,24.3448,124.1572,62.73,94,75,14.97
246,Qingdao,CN,2022-01-30 07:40:25,36.0986,120.3719,40.6,20,0,2.24
247,Misratah,LY,2022-01-30 07:42:41,32.3754,15.0925,55.99,53,88,20.71
248,Kruisfontein,ZA,2022-01-30 07:33:57,-34.0033,24.7314,76.89,43,0,9.26
249,Mount Isa,AU,2022-01-30 07:31:04,-20.7333,139.5,85.77,58,100,13.8
250,Faanui,PF,2022-01-30 07:34:42,-16.4833,-151.75,80.53,72,100,6.55
251,Solnechnyy,RU,2022-01-30 07:42:42,50.7214,136.6319,-7.44,100,100,1.45
252,San Andres,CO,2022-01-30 07:38:12,12.5847,-81.7006,78.82,73,20,6.91
253,Aklavik,CA,2022-01-30 07:33:36,68.2191,-135.0107,-15.77,91,100,9.44
254,Tuatapere,NZ,2022-01-30 07:36:47,-46.1333,167.6833,61.83,91,100,2.15
255,Abha,SA,2022-01-30 07:42:45,18.2164,42.5053,60.62,48,0,18.41
256,Maralal,KE,2022-01-30 07:42:45,1.0968,36.698,70.52,39,73,6.91
257,Lazareni,RO,2022-01-30 07:42:46,46.8667,22.0667,32.18,96,95,13.87
258,Nome,US,2022-01-30 07:36:15,64.5011,-165.4064,-6.84,65,0,3.44
259,Hobyo,SO,2022-01-30 07:42:47,5.3505,48.5268,81.37,61,40,21.39
260,Scarborough,GB,2022-01-30 07:40:06,54.2797,-0.4044,37.53,83,51,3.0
261,Fereydun Kenar,IR,2022-01-30 07:42:48,36.6864,52.5225,52.11,62,0,0.0
262,Orange,US,2022-01-30 07:42:49,33.7,-117.7675,62.47,34,20,3.44
263,Jember,ID,2022-01-30 07:42:50,-8.166,113.7032,83.44,77,100,5.59
264,Cabo San Lucas,MX,2022-01-30 07:35:11,22.8909,-109.9124,69.51,68,20,9.69
265,Bereda,ES,2022-01-30 07:42:53,43.2686,-7.5406,38.41,100,6,1.34
266,Fitjar,NO,2022-01-30 07:42:53,59.9184,5.3192,41.47,68,9,32.46
267,Khao Yoi,TH,2022-01-30 07:42:53,13.2403,99.8243,96.98,33,42,12.24
268,Cradock,ZA,2022-01-30 07:42:56,-32.1642,25.6192,81.0,32,11,4.63
269,Clearlake,US,2022-01-30 07:42:58,38.9582,-122.6264,48.15,57,0,2.91
270,Mpigi,UG,2022-01-30 07:42:59,0.225,32.3136,72.41,32,50,2.59
271,Cayenne,GF,2022-01-30 07:43:00,4.9333,-52.3333,78.1,88,75,4.0
272,Chodziez,PL,2022-01-30 07:43:00,52.995,16.9198,38.25,68,100,30.13
273,Pasighat,IN,2022-01-30 07:43:00,28.0667,95.3333,68.02,42,0,4.18
274,Lagoa,PT,2022-01-30 07:36:16,39.05,-27.9833,57.42,69,10,18.61
275,Port-Cartier,CA,2022-01-30 07:43:02,50.0334,-66.8654,8.82,92,100,15.17
276,Tura,IN,2022-01-30 07:37:20,25.5198,90.2201,68.13,35,36,4.72
277,Golden,US,2022-01-30 07:41:39,39.7555,-105.2211,36.0,39,0,3.0
278,Kabare,CD,2022-01-30 07:43:03,-2.4683,28.8242,71.94,71,89,1.01
279,Muli,MV,2022-01-30 07:43:03,2.9167,73.5667,82.2,73,63,11.86
280,Umm Lajj,SA,2022-01-30 07:43:05,25.0213,37.2685,66.67,37,0,12.77
281,Jumla,NP,2022-01-30 07:43:06,29.2747,82.1838,55.04,20,0,5.7
282,Gualeguay,AR,2022-01-30 07:43:08,-33.1416,-59.3097,62.96,76,0,7.52
283,Haines Junction,CA,2022-01-30 07:43:09,60.7522,-137.5108,8.55,85,100,2.3
284,Gondanglegi,ID,2022-01-30 07:43:10,-7.7479,112.0132,80.17,85,99,7.16
285,Kirkuk,IQ,2022-01-30 07:43:11,35.4681,44.3922,48.83,54,99,3.38
286,Lebu,CL,2022-01-30 07:34:09,-37.6167,-73.65,54.63,89,12,6.35
287,Mikkeli,FI,2022-01-30 07:43:13,61.6886,27.2723,25.14,93,100,9.22
288,Methoni,GR,2022-01-30 07:43:15,36.8197,21.7049,54.21,60,3,8.41
289,Kabalo,CD,2022-01-30 07:43:18,-6.05,26.9167,73.08,92,100,4.61
290,Arman,RU,2022-01-30 07:43:19,59.7,150.1667,11.98,80,100,13.2
291,Namatanai,PG,2022-01-30 07:43:19,-3.6667,152.4333,81.25,79,100,5.14
292,Port Elizabeth,ZA,2022-01-30 07:33:47,-33.918,25.5701,79.11,73,0,6.91
293,Puerto Quijarro,BO,2022-01-30 07:43:20,-17.7833,-57.7667,72.48,100,100,1.79
294,Verkhniy Avzyan,RU,2022-01-30 07:43:21,53.5289,57.5372,18.01,91,99,4.23
295,Dicabisagan,PH,2022-01-30 07:43:21,17.0818,122.4157,76.35,91,99,13.11
296,Kommunisticheskiy,RU,2022-01-30 07:43:23,61.6789,64.4819,8.37,92,99,3.98
297,Saint-Augustin,CA,2022-01-30 07:43:24,51.226,-58.6502,24.06,92,100,29.57
298,Kirakira,SB,2022-01-30 07:37:53,-10.4544,161.9205,80.78,85,100,6.51
299,Vengerovo,RU,2022-01-30 07:43:27,55.6848,76.7471,9.01,90,92,9.71
300,Santa Fe,AR,2022-01-30 07:43:29,-31.6333,-60.7,70.02,73,0,1.99
301,Mercedes,AR,2022-01-30 07:43:30,-34.6515,-59.4307,68.86,80,0,7.85
302,San Jeronimo,PE,2022-01-30 07:34:49,-11.9472,-75.2829,46.67,87,100,2.33
303,Apatity,RU,2022-01-30 07:43:34,67.5641,33.4031,-0.56,98,44,3.38
304,Leningradskiy,RU,2022-01-30 07:36:34,69.3833,178.4167,-7.19,91,100,4.0
305,Bani Walid,LY,2022-01-30 07:43:35,31.7566,13.9942,50.72,57,7,16.06
306,Antofagasta,CL,2022-01-30 07:35:19,-23.65,-70.4,63.68,82,59,3.22
307,Ilulissat,GL,2022-01-30 07:43:36,69.2167,-51.1,6.82,51,100,18.41
308,Udachnyy,RU,2022-01-30 07:43:37,66.4167,112.4,-24.07,99,22,2.1
309,Port Hedland,AU,2022-01-30 07:43:38,-20.3167,118.5667,91.45,58,31,26.46
310,Lorengau,PG,2022-01-30 07:37:01,-2.0226,147.2712,81.41,77,100,10.18
311,Makokou,GA,2022-01-30 07:43:39,0.5738,12.8642,78.13,73,100,4.43
312,Benguela,AO,2022-01-30 07:43:40,-12.5763,13.4055,79.52,74,93,2.15
313,Kavaratti,IN,2022-01-30 07:43:41,10.5669,72.642,81.79,65,40,9.33
314,Kavieng,PG,2022-01-30 07:43:42,-2.5744,150.7967,82.0,77,100,7.07
315,Dudinka,RU,2022-01-30 07:43:44,69.4058,86.1778,1.62,94,100,13.31
316,Tiarei,PF,2022-01-30 07:43:47,-17.5333,-149.3333,77.02,74,56,8.41
317,Chulym,RU,2022-01-30 07:43:47,55.0997,80.9572,14.68,81,74,10.78
318,Ibra,OM,2022-01-30 07:43:48,22.6906,58.5334,79.61,25,0,5.48
319,Paracuru,BR,2022-01-30 07:43:49,-3.41,-39.0306,78.82,89,100,7.43
320,Cairns,AU,2022-01-30 07:43:50,-16.9167,145.7667,85.1,70,40,11.5
321,Bam,IR,2022-01-30 07:35:40,29.106,58.357,60.84,25,0,11.25
322,Zenzeli,RU,2022-01-30 07:43:51,45.9241,47.0474,37.09,79,100,9.86
323,Sijunjung,ID,2022-01-30 07:43:53,-0.6876,100.9537,87.17,64,99,3.0
324,Maragogi,BR,2022-01-30 07:43:55,-9.0122,-35.2225,76.71,83,96,5.5
325,Porto Velho,BR,2022-01-30 07:43:56,-8.7619,-63.9039,75.25,94,40,3.44
326,Bagan,RU,2022-01-30 07:43:58,54.1001,77.6646,14.23,91,22,9.89
327,Poum,NC,2022-01-30 07:43:59,-20.2333,164.0167,81.37,77,100,8.77
328,La Palma,US,2022-01-30 07:44:00,33.8464,-118.0467,63.41,47,0,0.0
329,Richards Bay,ZA,2022-01-30 07:44:01,-28.783,32.0377,80.94,59,13,5.82
330,San Francisco,US,2022-01-30 07:42:45,37.7749,-122.4194,55.04,69,0,1.01
331,Novyy Urengoy,RU,2022-01-30 07:44:02,66.0833,76.6333,-10.01,98,92,7.38
332,Piacabucu,BR,2022-01-30 07:44:04,-10.4056,-36.4344,77.74,79,94,7.83
333,Malinyi,TZ,2022-01-30 07:44:05,-8.9333,36.1333,79.25,76,93,0.87
334,Boca Do Acre,BR,2022-01-30 07:44:06,-8.7522,-67.3978,71.92,100,100,0.65
335,Provideniya,RU,2022-01-30 07:44:09,64.3833,-173.3,4.3,78,6,5.35
336,Alice Springs,AU,2022-01-30 07:38:23,-23.7,133.8833,81.95,78,75,12.66
337,Comodoro Rivadavia,AR,2022-01-30 07:44:12,-45.8667,-67.5,57.06,33,0,17.27
338,Iquitos,PE,2022-01-30 07:42:04,-3.7481,-73.2472,73.44,94,0,2.3
339,Port Hawkesbury,CA,2022-01-30 07:44:13,45.6169,-61.3485,47.7,100,100,10.0
340,Russell,US,2022-01-30 07:44:15,32.3502,-85.1999,28.99,79,0,3.44
341,Ust-Ilimsk,RU,2022-01-30 07:44:16,58.0006,102.6619,8.2,91,100,4.72
342,Zaraza,VE,2022-01-30 07:44:17,9.3503,-65.3245,70.61,85,28,4.34
343,Xam Nua,LA,2022-01-30 07:44:19,20.4197,104.0439,63.77,74,87,4.68
344,Taraclia,MD,2022-01-30 07:44:20,45.9,28.6689,34.48,56,100,15.7
345,Vranjska Banja,RS,2022-01-30 07:44:20,42.555,21.9922,30.88,56,68,3.04
346,Ormara,PK,2022-01-30 07:44:23,25.2088,64.6357,73.6,63,0,11.77
347,Clyde River,CA,2022-01-30 07:32:52,70.4692,-68.5914,-12.77,64,100,2.3
348,Vilhena,BR,2022-01-30 07:44:26,-12.7406,-60.1458,68.43,99,100,2.77
349,Tawau,MY,2022-01-30 07:44:26,4.2498,117.8871,87.93,70,78,8.01
350,Taseyevo,RU,2022-01-30 07:44:29,57.2169,94.8978,10.49,89,100,0.94
351,Beyneu,KZ,2022-01-30 07:44:29,45.3167,55.2,34.84,80,100,10.89
352,Kuching,MY,2022-01-30 07:38:39,1.55,110.3333,89.82,66,40,4.61
353,Sukhaya Buyvola,RU,2022-01-30 07:44:31,45.1533,42.9956,32.11,86,92,10.49
354,Fort Nelson,CA,2022-01-30 07:44:32,58.8053,-122.7002,0.99,78,100,3.44
355,Anadyr,RU,2022-01-30 07:38:31,64.75,177.4833,-5.3,77,75,11.18
356,Melfi,IT,2022-01-30 07:44:32,40.9965,15.6514,38.41,45,0,5.28
357,Conde,BR,2022-01-30 07:44:33,-7.2597,-34.9075,74.66,94,75,5.75
358,Vilyuysk,RU,2022-01-30 07:44:33,63.7553,121.6247,-16.17,99,92,5.14
359,Podor,MR,2022-01-30 07:44:33,16.6527,-14.9587,73.35,40,0,2.3
360,Shibetsu,JP,2022-01-30 07:44:34,43.659,145.132,20.1,49,75,5.75
361,Dauphin,CA,2022-01-30 07:44:35,51.1494,-100.0502,6.94,78,100,6.91
362,Atar,MR,2022-01-30 07:36:09,20.5169,-13.0499,73.76,15,100,8.63
363,Maniitsoq,GL,2022-01-30 07:44:36,65.4167,-52.9,9.97,81,100,26.33
364,Zhigansk,RU,2022-01-30 07:37:40,66.7697,123.3711,-28.7,99,88,5.59
365,Roanoke Rapids,US,2022-01-30 07:44:37,36.4615,-77.6542,23.34,53,0,0.0
366,Quatre Cocos,MU,2022-01-30 07:35:32,-20.2078,57.7625,86.09,65,62,15.86
367,Lasa,IT,2022-01-30 07:44:39,46.6166,10.7002,47.66,94,51,10.42
368,Kalianget,ID,2022-01-30 07:44:39,-7.05,113.9333,82.47,78,100,6.87
369,Milton,US,2022-01-30 07:44:41,34.1322,-84.3007,29.77,68,0,4.03
370,Bandarbeyla,SO,2022-01-30 07:44:41,9.4942,50.8122,78.48,63,100,17.43
371,Xining,CN,2022-01-30 07:37:47,36.6167,101.7667,24.55,44,14,4.38
372,Zelenoborskiy,RU,2022-01-30 07:44:42,66.845,32.3622,0.63,97,61,5.08
373,Panzhihua,CN,2022-01-30 07:44:44,26.5851,101.7128,67.55,26,10,3.87
374,Vestmanna,FO,2022-01-30 07:44:45,62.1564,-7.1664,31.12,86,100,1.14
375,Pierre,US,2022-01-30 07:44:45,44.3683,-100.351,27.28,73,0,6.91
376,Brandon,US,2022-01-30 07:44:46,27.9378,-82.2859,42.87,72,0,5.99
377,Awbari,LY,2022-01-30 07:44:47,26.5921,12.7805,44.96,40,0,8.05
378,Corbu,RO,2022-01-30 07:44:47,44.3833,28.65,35.13,75,0,19.57
379,Polovinnoye,RU,2022-01-30 07:44:49,54.7914,65.9864,11.07,91,100,7.4
380,Aswan,EG,2022-01-30 07:36:26,24.0934,32.907,58.59,36,54,12.26
381,Ocean City,US,2022-01-30 07:44:53,39.2776,-74.5746,15.82,68,4,8.99
382,San Borja,BO,2022-01-30 07:44:54,-14.8167,-66.85,72.0,97,100,2.68
383,Akureyri,IS,2022-01-30 07:44:57,65.6835,-18.0878,33.73,64,40,14.97
384,Dillon,US,2022-01-30 07:44:58,34.4166,-79.3712,24.69,45,9,2.06
385,Warrnambool,AU,2022-01-30 07:37:45,-38.3833,142.4833,69.15,84,89,13.91
386,Mitchell,US,2022-01-30 07:41:42,43.7094,-98.0298,21.11,83,0,5.99
387,Gazi,GR,2022-01-30 07:44:59,35.3253,25.0669,53.6,87,75,1.99
388,Paka,MY,2022-01-30 07:44:59,4.6374,103.4368,87.73,62,20,5.75
389,Pacific Grove,US,2022-01-30 07:39:34,36.6177,-121.9166,51.42,86,0,1.99
390,Chicama,PE,2022-01-30 07:35:45,-7.8447,-79.1469,63.14,81,51,4.94
391,Mahanje,TZ,2022-01-30 07:45:00,-9.9333,35.3333,74.91,72,98,3.33
392,Auxerre,FR,2022-01-30 07:44:48,47.8,3.5667,44.64,96,89,3.87
393,Atikokan,CA,2022-01-30 07:45:00,48.7555,-91.6216,-6.27,100,49,3.83
394,Linqiong,CN,2022-01-30 07:45:03,30.4159,103.4609,44.42,78,100,4.16
395,Port Moresby,PG,2022-01-30 07:45:04,-9.4431,147.1797,81.82,78,40,11.5
396,Makinsk,KZ,2022-01-30 07:45:06,52.6292,70.4169,17.94,92,99,13.62
397,West Plains,US,2022-01-30 07:45:06,36.7281,-91.8524,36.43,68,0,6.91
398,Kardymovo,RU,2022-01-30 07:45:09,54.8902,32.4311,25.56,95,100,15.26
399,Tual,ID,2022-01-30 07:45:09,-5.6667,132.75,84.25,74,100,16.82
400,Anahuac,MX,2022-01-30 07:45:12,27.2333,-100.15,50.02,46,0,10.25
401,Cidreira,BR,2022-01-30 07:45:13,-30.1811,-50.2056,72.18,63,36,11.99
402,Olafsvik,IS,2022-01-30 07:45:16,64.8945,-23.7142,35.19,95,100,27.85
403,Silopi,TR,2022-01-30 07:45:18,37.2497,42.4694,40.37,69,100,1.05
404,Kjollefjord,NO,2022-01-30 07:45:18,70.9457,27.3465,28.18,87,98,8.99
405,Port Augusta,AU,2022-01-30 07:34:12,-32.5,137.7667,97.7,35,32,19.91
406,Wildeshausen,DE,2022-01-30 07:45:19,52.9,8.4333,42.78,68,78,22.44
407,Ahipara,NZ,2022-01-30 07:45:21,-35.1667,173.1667,65.75,75,100,6.17
408,Egvekinot,RU,2022-01-30 07:45:24,66.3167,-179.1667,-5.08,65,20,3.31
409,Hambantota,LK,2022-01-30 07:45:24,6.1241,81.1185,88.14,74,75,4.61
410,Tocopilla,CL,2022-01-30 07:45:16,-22.092,-70.1979,65.62,79,24,1.03
411,Tonj,SS,2022-01-30 07:45:26,7.2737,28.6822,82.18,12,4,7.14
412,Mega,ET,2022-01-30 07:45:28,4.05,38.3,73.83,21,44,22.06
413,Jamsa,FI,2022-01-30 07:45:29,61.8642,25.19,26.15,94,100,11.21
414,Christchurch,NZ,2022-01-30 07:41:13,-43.5333,172.6333,66.94,66,100,1.01
415,Mogadishu,SO,2022-01-30 07:43:39,2.0371,45.3438,84.07,65,75,20.71
416,Sajanan,TN,2022-01-30 07:45:33,37.0573,9.2426,49.12,83,61,10.36
417,San Angelo,US,2022-01-30 07:45:34,31.4638,-100.437,43.54,45,0,7.0
418,Araouane,ML,2022-01-30 07:45:35,18.9048,-3.5265,67.75,13,34,11.5
419,Rybinsk,RU,2022-01-30 07:45:35,58.0446,38.8426,16.21,94,98,9.37
420,Puerto Morazan,NI,2022-01-30 07:45:37,12.8504,-87.1717,73.15,62,3,3.74
421,Chiredzi,ZW,2022-01-30 07:45:39,-21.05,31.6667,82.13,54,98,10.13
422,Tecoanapa,MX,2022-01-30 07:45:40,16.5167,-98.75,74.59,82,0,4.27
423,Kampot,KH,2022-01-30 07:45:41,10.6167,104.1833,86.05,64,43,9.04
424,Rocha,UY,2022-01-30 07:45:42,-34.4833,-54.3333,58.59,92,12,5.12
425,Raudeberg,NO,2022-01-30 07:45:44,61.9875,5.1352,36.27,70,98,7.0
426,Conroe,US,2022-01-30 07:45:45,30.3119,-95.456,48.45,71,24,7.25
427,Iskateley,RU,2022-01-30 07:45:47,67.6803,53.1512,10.08,94,99,11.59
428,Savinka,RU,2022-01-30 07:45:48,50.0785,47.0994,31.41,94,100,18.01
429,Beloha,MG,2022-01-30 07:38:00,-25.1667,45.05,95.54,23,10,5.23
430,Veraval,IN,2022-01-30 07:45:48,20.9,70.3667,77.86,26,0,5.37
431,Rudbar,AF,2022-01-30 07:45:49,30.15,62.6,63.45,23,0,2.84
432,Long Beach,US,2022-01-30 07:43:49,33.767,-118.1892,63.48,34,0,0.0
433,Kasongo-Lunda,CD,2022-01-30 07:37:09,-6.4667,16.8167,80.13,67,100,1.63
434,Husavik,IS,2022-01-30 07:38:49,66.0449,-17.3389,33.71,81,100,14.97
435,Bonthe,SL,2022-01-30 07:45:50,7.5264,-12.505,75.33,78,77,2.64
436,Podgornoye,RU,2022-01-30 07:45:51,51.735,39.1496,28.62,86,100,6.71
437,Sola,VU,2022-01-30 07:45:54,-13.8833,167.55,81.95,80,100,17.81
438,Nisia Floresta,BR,2022-01-30 07:45:57,-6.0911,-35.2086,77.38,88,100,6.13
439,Trinidad,BO,2022-01-30 07:45:59,-14.8333,-64.9,71.89,98,98,1.81
440,Banff,CA,2022-01-30 07:46:00,51.1762,-115.5698,36.63,63,100,10.36
441,Korla,CN,2022-01-30 07:46:01,41.7597,86.1469,32.18,34,93,3.94
442,Pingxiang,CN,2022-01-30 07:46:03,27.6167,113.85,43.56,70,100,4.23
443,Smithers,CA,2022-01-30 07:46:04,54.7804,-127.1743,30.52,100,75,3.44
444,Los Llanos De Aridane,ES,2022-01-30 07:46:04,28.6585,-17.9182,56.95,67,0,8.05
445,Tessalit,ML,2022-01-30 07:36:55,20.1986,1.0114,66.76,15,5,13.62
446,Bathsheba,BB,2022-01-30 07:46:06,13.2167,-59.5167,75.81,73,40,14.97
447,Fairbanks,US,2022-01-30 07:35:13,64.8378,-147.7164,-25.6,68,0,0.0
448,Ararat,AM,2022-01-30 07:46:09,39.8317,44.7049,36.5,68,100,0.76
449,Hami,CN,2022-01-30 07:46:09,42.8,93.45,28.49,30,67,1.57
450,Contamana,PE,2022-01-30 07:46:11,-7.3333,-75.0167,73.08,97,100,1.25
451,Hefei,CN,2022-01-30 07:46:14,31.8639,117.2808,41.02,60,75,6.71
452,Morondava,MG,2022-01-30 07:46:16,-20.2833,44.2833,85.24,64,19,6.51
453,Hervey Bay,AU,2022-01-30 07:46:17,-25.2986,152.8535,84.04,77,10,12.8
454,Brownsville,US,2022-01-30 07:46:18,25.9018,-97.4975,48.15,87,0,0.0
455,Waingapu,ID,2022-01-30 07:46:18,-9.6567,120.2641,86.34,63,93,16.4
456,Corcoran,US,2022-01-30 07:46:19,36.098,-119.5604,42.46,58,0,1.54
457,Port Macquarie,AU,2022-01-30 07:46:19,-31.4333,152.9167,76.96,79,100,5.95
458,Tucuma,BR,2022-01-30 07:46:21,-0.1833,-50.05,73.11,95,100,3.94
459,Kattivakkam,IN,2022-01-30 07:46:25,13.2167,80.3167,84.29,73,3,11.52
460,Grand Gaube,MU,2022-01-30 07:37:59,-20.0064,57.6608,86.38,60,52,8.99
461,Pochutla,MX,2022-01-30 07:46:29,15.7432,-96.4661,73.81,66,5,2.17
462,Noshiro,JP,2022-01-30 07:46:29,40.2039,140.0242,29.34,77,100,20.49
463,Pangody,RU,2022-01-30 07:46:31,65.85,74.4859,-5.64,96,97,7.99
464,Hidrolandia,BR,2022-01-30 07:43:50,-4.4081,-40.4378,70.66,94,88,2.3
465,Menongue,AO,2022-01-30 07:46:32,-14.6585,17.691,60.84,97,100,10.49
466,Coihaique,CL,2022-01-30 07:46:20,-45.5752,-72.0662,44.55,81,75,3.44
467,Saint-Pierre,RE,2022-01-30 07:32:54,-21.3393,55.4781,87.44,70,14,24.16
468,Naze,JP,2022-01-30 07:46:33,28.3667,129.4833,56.32,80,100,16.69
469,Itupiranga,BR,2022-01-30 07:46:33,-5.1347,-49.3267,73.72,98,100,2.46
470,Souris,CA,2022-01-30 07:46:34,49.6172,-100.2612,4.86,100,69,4.43
471,Merauke,ID,2022-01-30 07:46:36,-8.4667,140.3333,80.06,80,100,10.04
472,Amapa,BR,2022-01-30 07:46:39,1.0,-52.0,69.21,100,98,1.12
473,Homer,US,2022-01-30 07:46:39,59.6425,-151.5483,21.09,81,100,10.36
474,Aykhal,RU,2022-01-30 07:46:40,66.0,111.5,-19.93,100,6,4.81
475,Brae,GB,2022-01-30 07:46:42,60.3964,-1.353,37.31,62,100,8.12
476,Visby,SE,2022-01-30 07:46:42,57.6409,18.296,35.82,80,75,39.12
477,Ushtobe,KZ,2022-01-30 07:46:44,45.2514,77.9838,36.48,77,100,4.56
478,Diapaga,BF,2022-01-30 07:46:47,12.0708,1.7889,70.47,12,57,14.07
479,Adrar,MR,2022-01-30 07:46:48,20.5022,-10.0711,66.9,15,100,11.07
480,Keti Bandar,PK,2022-01-30 07:46:50,24.1447,67.4497,75.72,61,0,12.75
481,Yeniseysk,RU,2022-01-30 07:46:51,58.4497,92.1703,10.9,89,100,1.99
482,Meulaboh,ID,2022-01-30 07:46:54,4.1363,96.1285,85.69,65,43,10.56
483,Kudahuvadhoo,MV,2022-01-30 07:46:56,2.6708,72.8944,81.55,75,100,9.57
484,Lebanon,US,2022-01-30 07:44:51,36.2081,-86.2911,32.97,51,100,10.36
485,Satrikh,IN,2022-01-30 07:46:57,26.8667,81.2,71.67,37,0,11.95
486,Guerrero Negro,MX,2022-01-30 07:46:58,27.9769,-114.0611,59.77,72,30,11.39
487,Oussouye,SN,2022-01-30 07:47:01,12.485,-16.5469,69.89,44,32,9.51
488,Turukhansk,RU,2022-01-30 07:47:02,65.8167,87.9833,1.99,94,100,9.17
489,Medicine Hat,CA,2022-01-30 07:47:03,50.0501,-110.6683,38.91,58,75,3.0
490,Bilma,NE,2022-01-30 07:47:05,18.6853,12.9164,58.01,24,0,17.09
491,Camp Verde,US,2022-01-30 07:47:06,34.5636,-111.8543,52.23,32,100,3.36
492,Semnan,IR,2022-01-30 07:47:08,35.5729,53.3971,46.24,25,0,2.3
493,Agua Dulce,MX,2022-01-30 07:47:10,18.1333,-94.1333,66.11,84,100,6.98
494,Te Anau,NZ,2022-01-30 07:39:14,-45.4167,167.7167,60.64,86,97,1.77
495,Skovorodino,RU,2022-01-30 07:47:12,53.9833,123.9167,5.59,68,20,8.46
496,Madison,US,2022-01-30 07:47:15,34.7334,-86.5667,31.84,56,0,1.01
497,Neuquen,AR,2022-01-30 07:47:16,-38.9516,-68.0591,69.69,35,0,9.22
498,Grong,NO,2022-01-30 07:47:17,64.4654,12.3149,31.75,73,100,22.15
499,Baculin,PH,2022-01-30 07:47:18,7.4525,126.5842,82.33,75,86,6.13
500,Ashland,US,2022-01-30 07:42:34,40.8167,-82.2665,14.76,87,98,6.6
501,Paamiut,GL,2022-01-30 07:47:21,61.994,-49.6678,10.63,81,100,10.16
502,Riyadh,SA,2022-01-30 07:47:19,24.6877,46.7219,53.74,50,0,12.66
503,Sagua La Grande,CU,2022-01-30 07:47:22,22.8067,-80.0756,54.59,60,19,10.94
504,Coquimbo,CL,2022-01-30 07:43:16,-29.9533,-71.3436,60.53,82,0,0.0
505,Dogondoutchi,NE,2022-01-30 07:47:24,13.6393,4.0287,66.76,14,2,17.11
506,Camacupa,AO,2022-01-30 07:47:25,-12.0167,17.4833,63.66,93,100,4.36
507,Sicamous,CA,2022-01-30 07:47:25,50.8331,-118.9856,31.17,98,100,2.08
508,San Cristobal,VE,2022-01-30 07:47:25,7.7669,-72.225,62.22,90,78,3.38
509,Sarkand,KZ,2022-01-30 07:47:26,45.41,79.9186,31.08,97,100,3.6
510,Meybod,IR,2022-01-30 07:47:27,32.2501,54.0166,50.02,26,0,1.66
511,Emba,KZ,2022-01-30 07:47:28,48.8264,58.1442,20.73,95,98,10.94
512,Oregon,US,2022-01-30 07:46:08,44.0001,-120.5014,34.23,51,5,5.46
513,Uyemskiy,RU,2022-01-30 07:47:29,64.4743,40.8524,17.65,86,100,8.95
514,Rajmahal,IN,2022-01-30 07:47:31,25.05,87.8333,70.72,36,0,7.0
515,Apomu,NG,2022-01-30 07:47:34,7.3333,4.1833,77.27,18,23,6.13
516,Lokoja,NG,2022-01-30 07:47:36,7.8024,6.743,78.24,17,43,4.18
517,Launceston,AU,2022-01-30 07:47:38,-41.45,147.1667,78.44,56,0,5.01
518,Asosa,ET,2022-01-30 07:47:41,10.0667,34.5333,78.96,25,62,2.89
519,Camacha,PT,2022-01-30 07:47:42,33.0833,-16.3333,59.76,88,20,11.5
520,Goderich,CA,2022-01-30 07:47:44,43.7501,-81.7165,14.92,79,100,8.05
521,Bangui,CF,2022-01-30 07:47:45,4.3612,18.555,68.18,83,9,3.44
522,Erdenet,MN,2022-01-30 07:47:46,49.0333,104.0833,3.92,87,18,2.68
523,Leshukonskoye,RU,2022-01-30 07:47:48,64.8989,45.7622,10.15,95,100,7.2
524,Flin Flon,CA,2022-01-30 07:47:50,54.7682,-101.865,1.27,97,100,5.06
525,Wadi Maliz,TN,2022-01-30 07:47:51,36.4681,8.5495,48.65,74,0,3.74
526,Leh,IN,2022-01-30 07:47:53,34.1667,77.5833,9.9,75,42,1.57
527,Kashi,CN,2022-01-30 07:47:53,39.4547,75.9797,34.81,25,20,6.71
528,Jerantut,MY,2022-01-30 07:47:56,3.936,102.3626,91.56,49,72,0.85
529,Livadiya,RU,2022-01-30 07:47:56,42.8692,132.6764,19.47,70,83,8.66
530,Malakal,SS,2022-01-30 07:47:57,9.5334,31.6605,80.76,15,7,12.26
531,Xapuri,BR,2022-01-30 07:47:58,-10.6517,-68.5044,71.46,100,100,2.44
532,Marsabit,KE,2022-01-30 07:47:58,2.3284,37.9899,73.29,52,24,16.71
533,Naica,MX,2022-01-30 07:48:00,27.85,-105.4833,49.05,59,0,7.0
534,Luderitz,NA,2022-01-30 07:38:17,-26.6481,15.1594,67.93,77,37,13.94
535,Road Town,VG,2022-01-30 07:48:01,18.4167,-64.6167,73.99,70,0,8.34
536,Kankakee,US,2022-01-30 07:46:56,41.15,-87.8667,17.37,84,0,6.91
537,Port Lincoln,AU,2022-01-30 07:48:01,-34.7333,135.8667,73.74,64,0,10.78
538,Sabha,LY,2022-01-30 07:48:02,27.0377,14.4283,46.58,59,0,9.82
539,Kashan,IR,2022-01-30 07:48:03,33.9831,51.4364,47.79,34,0,4.61
540,Kot Isa Khan,IN,2022-01-30 07:48:06,30.95,75.1333,66.65,38,7,8.23
541,La Ronge,CA,2022-01-30 07:48:08,55.1001,-105.2842,14.25,85,100,4.61
542,Petropavlovsk-Kamchatskiy,RU,2022-01-30 07:38:18,53.0452,158.6483,23.59,86,75,4.47
543,Volnovakha,UA,2022-01-30 07:48:11,47.601,37.4967,28.94,87,99,14.34
544,Islahiye,TR,2022-01-30 07:48:12,37.025,36.6306,35.04,98,100,3.78
545,Uthal,PK,2022-01-30 07:48:13,25.8072,66.6219,75.72,40,0,4.52
546,Ambositra,MG,2022-01-30 07:48:14,-20.5167,47.25,77.23,40,14,2.98
547,Ucluelet,CA,2022-01-30 07:48:15,48.9329,-125.5528,44.1,92,100,4.0
548,Taoudenni,ML,2022-01-30 07:48:17,22.6783,-3.9836,67.98,17,89,11.52
549,Tanout,NE,2022-01-30 07:48:18,14.9709,8.8879,61.09,16,2,20.33
550,Camocim,BR,2022-01-30 07:48:18,-2.9022,-40.8411,73.85,91,100,6.2
551,Krasnoselkup,RU,2022-01-30 07:48:20,65.7,82.4667,-1.43,96,98,8.32
552,Black Diamond,US,2022-01-30 07:46:10,47.3087,-122.0032,46.33,76,99,1.01
553,Klyuchi,RU,2022-01-30 07:48:22,52.2667,79.1667,23.36,87,41,13.4
554,Prince Rupert,CA,2022-01-30 07:48:23,54.3161,-130.3201,38.89,87,100,6.91
555,Port-Gentil,GA,2022-01-30 07:48:26,-0.7193,8.7815,82.36,83,75,9.22
556,Manoel Urbano,BR,2022-01-30 07:48:28,-8.8389,-69.2597,71.46,100,100,1.95
557,Sibi,PK,2022-01-30 07:48:29,29.5448,67.8764,72.7,15,0,4.38
558,Kokoda,PG,2022-01-30 07:48:31,-8.8785,147.7407,77.52,94,100,2.13
559,La Rioja,ES,2022-01-30 07:45:49,42.25,-2.5,33.12,33,0,6.22
560,Huanan,CN,2022-01-30 07:48:32,46.2167,130.5167,10.22,92,100,9.1
561,Aksay,RU,2022-01-30 07:48:33,47.26,39.87,32.86,98,98,13.0
562,Pontianak,ID,2022-01-30 07:48:35,-0.0333,109.3333,85.98,70,40,9.22
563,Meadow Lake,US,2022-01-30 07:48:36,34.8014,-106.5436,39.4,38,72,3.04
564,Sidney,AU,2022-01-30 07:44:32,-33.8679,151.2073,83.75,72,40,1.99
565,Pimenta Bueno,BR,2022-01-30 07:48:36,-11.6725,-61.1936,71.83,99,100,2.82
566,Prince Albert,CA,2022-01-30 07:48:37,53.2001,-105.7677,15.75,86,100,3.44
567,Manbij,SY,2022-01-30 07:48:39,36.5281,37.9549,38.17,67,100,7.52
568,Cudahy,US,2022-01-30 07:48:40,33.9606,-118.1853,63.12,35,0,0.0
569,Englehart,CA,2022-01-30 07:46:34,47.8169,-79.8664,-3.98,84,0,3.44
570,Baruun-Urt,MN,2022-01-30 07:48:41,46.6806,113.2792,5.2,84,100,11.25
571,Panaba,MX,2022-01-30 07:48:41,21.2833,-88.2667,61.72,74,18,5.7
572,Jalu,LY,2022-01-30 07:48:43,29.0331,21.5482,54.48,54,100,13.96
573,Poya,NC,2022-01-30 07:48:45,-21.35,165.15,80.96,81,100,7.4
574,Westport,US,2022-01-30 07:48:42,41.1415,-73.3579,14.76,46,0,1.99
575,Acarau,BR,2022-01-30 07:48:46,-2.8856,-40.12,74.71,89,100,7.34
576,Shenjiamen,CN,2022-01-30 07:48:46,29.9576,122.298,42.19,74,100,18.97
577,Hailar,CN,2022-01-30 07:48:46,49.2,119.7,-7.29,96,6,4.09
578,Geraldton,AU,2022-01-30 07:48:47,-28.7667,114.6,82.81,65,0,19.57
579,Alugan,PH,2022-01-30 07:48:47,12.2188,125.4808,82.31,77,18,5.19
580,Hay River,CA,2022-01-30 07:48:48,60.8156,-115.7999,-4.02,77,100,10.36
581,Holme,DK,2022-01-30 07:48:48,56.1138,10.1725,42.37,72,5,29.19
582,Nioro,GM,2022-01-30 07:48:49,13.35,-15.75,69.66,29,15,8.03
583,Uyuni,BO,2022-01-30 07:48:49,-20.4597,-66.825,48.36,66,74,5.17
584,Luocheng,CN,2022-01-30 07:48:52,29.3848,104.0286,47.91,61,100,3.49
585,Lubango,AO,2022-01-30 07:48:53,-14.9172,13.4925,67.71,52,99,4.99
586,Haapiti,PF,2022-01-30 07:48:54,-17.5667,-149.8667,76.73,73,93,7.7
587,Forestville,US,2022-01-30 07:43:58,38.8451,-76.875,20.08,50,0,11.5
588,Coolum Beach,AU,2022-01-30 07:48:57,-26.5333,153.1,81.1,85,31,1.01
589,Bawal,IN,2022-01-30 07:48:59,28.0833,76.5833,70.47,36,2,11.74
590,Pinellas Park,US,2022-01-30 07:48:59,27.8428,-82.6995,42.96,52,0,1.99
591,Gravelbourg,CA,2022-01-30 07:49:00,49.8834,-106.5512,25.07,81,100,7.81
592,Coruripe,BR,2022-01-30 07:49:01,-10.1256,-36.1756,77.09,82,99,8.77
